Name,geo_lat,geo_lon,population,year
Горно-Алтайск,51.9581028,85.9603235,62861,1830
Алейск,52.4922513,82.7793606,28528,1913
Барнаул,53.3479968,83.7798064,635585,1730
Белокуриха,51.996152,84.9839604,15072,1846
Бийск,52.5393864,85.2138453,203826,1709
Горняк,50.9979622,81.4643358,13040,1942
Заринск,53.7063476,84.9315081,47035,1748
Змеиногорск,51.1581094,82.1872547,10569,1736
Камень-на-Оби,53.7913974,81.3545053,41787,1751
Новоалтайск,53.4119759,83.9311069,73134,1736
Рубцовск,51.5012067,81.2078695,146386,1892
Славгород,52.999463,78.6459232,30370,1910
Яровое,52.9252146,78.5729775,18085,1943
Белогорск,50.9213415,128.4739471,68220,1860
Благовещенск,50.290659,127.527198,214397,1856
Завитинск,50.1064111,129.4391813,11481,1906
Зея,53.7340088,127.265787,25042,1879
Райчихинск,49.7941615,129.4112492,20499,1932
Свободный,51.3614103,128.1219729,58594,1912
Сковородино,53.9871095,123.9437205,9561,1908
Тында,55.1546441,124.7468904,35574,1907
Циолковский,51.762481,128.1219846,6208,1961
Шимановск,52.0051886,127.7005458,19815,1910
Архангельск,64.5394289,40.5169606,348716,1584
Котлас,61.2528972,46.633242,60562,1617
Мирный,62.7645265,40.3360076,30259,1957
Новодвинск,64.4136851,40.8208143,40612,1936
Няндома,61.6654674,40.2062947,22354,1898
Северодвинск,64.5625385,39.8180934,192265,1936
Баймак,52.5912896,58.3110998,17710,1850
Белорецк,53.9676488,58.4100419,68804,1762
Межгорье,54.2397689,57.9614547,17353,1979
Сибай,52.7204651,58.6663783,62732,1925
Учалы,54.3067375,59.4125461,37771,1750
Бабушкин,51.7112755,105.8673219,4542,1760
Гусиноозерск,51.2865048,106.5230319,23280,1939
Закаменск,50.372713,103.286699,11249,1934
Кяхта,50.346543,106.4533516,20013,1727
Северобайкальск,55.635614,109.3361505,23673,1974
Улан-Удэ,51.8335853,107.5842223,431922,1666
Вытегра,61.0063465,36.4495137,10490,1710
Красавино,60.9612823,46.4814116,7003,1848
Сокол,59.4758605,40.1114187,38454,1615
Харовск,59.9479423,40.2000298,10078,1903
Череповец,59.1269212,37.9090497,312311,1777
Биробиджан,48.7946446,132.9217207,75419,1915
Облучье,49.0189345,131.0540102,9379,1911
Балей,51.5823759,116.6379549,12536,1736
Борзя,50.3876058,116.5234779,31376,1899
Краснокаменск,50.0929703,118.0323936,55668,1967
Могоча,53.7361398,119.7660867,13228,1910
Нерчинск,51.9594977,116.5852383,14976,1653
Петровск-Забайкальский,51.2748592,108.846681,18555,1789
Сретенск,52.2461454,117.7117842,6850,1689
Хилок,51.3634856,110.4590898,11530,1895
Чита,52.0340142,113.4994,323964,1653
Шилка,51.8497035,116.0334461,13947,1897
Алзамай,55.5551233,98.6643699,6751,1899
Ангарск,52.544879,103.888543,233765,1948
Байкальск,51.5230393,104.1487532,13589,1961
Бирюсинск,55.9609167,97.8205348,8981,1967
Бодайбо,57.8468636,114.1866287,15331,1864
Братск,56.1513108,101.6340035,246348,1631
Вихоревка,56.1208145,101.1702926,22528,1957
Железногорск-Илимский,56.5847888,104.114275,26134,1948
Зима,53.920693,102.0491772,32522,1743
Иркутск,52.2864036,104.2807466,587225,1661
Киренск,57.7756595,108.1109412,12652,1630
Нижнеудинск,54.8968931,99.0314056,37056,1648
Саянск,54.1107238,102.18015,40786,1970
Свирск,53.0842668,103.3364093,13649,1800
Слюдянка,51.6563983,103.7187545,18542,1899
Тайшет,55.9405334,98.0030145,35481,1897
Тулун,54.557162,100.5780603,44603,1735
Усолье-Сибирское,52.7565808,103.6388109,83364,1669
Усть-Илимск,57.9430504,102.7415734,86591,1966
Усть-Кут,56.7928178,105.7757343,45061,1631
Черемхово,53.1369095,103.0901268,52650,1772
Шелехов,52.2102538,104.0973294,47960,1953
Вилючинск,52.9302415,158.4057632,22905,1968
Елизово,53.1830375,158.3883548,39548,1848
Петропавловск-Камчатский,53.036908,158.6559254,179526,1740
Костомукша,64.5889398,30.6016832,28433,1977
Лахденпохья,61.518881,30.1996116,7818,1600
Медвежьегорск,62.9127626,34.4568489,15536,1916
Петрозаводск,61.7891264,34.3596434,263540,1703
Питкяранта,61.5757191,31.4640557,11484,1800
Сегежа,63.7437572,34.3126982,29660,1914
Анжеро-Судженск,56.0786281,86.0201278,76669,1896
Белово,54.4220968,86.3037373,76752,1726
Березовский,55.6693513,86.2744459,47292,1965
Гурьевск,54.2859263,85.9475985,24816,1816
Калтан,53.5210919,87.2771636,21893,1946
Кемерово,55.3910651,86.0467781,532884,1918
Киселевск,54.0059999,86.6366116,98382,1917
Ленинск-Кузнецкий,54.6674492,86.1797324,101666,1763
Мариинск,56.2127383,87.7454924,40522,1698
Междуреченск,53.6865289,88.0702754,101995,1946
Мыски,53.7125695,87.8055646,43029,1826
Новокузнецк,53.794315,87.2142745,547885,1618
Осинники,53.5988055,87.3371272,45997,1926
Полысаево,54.6055,86.2809208,27624,1989
Прокопьевск,53.8604265,86.7183577,210150,1650
Салаир,54.2351735,85.8030733,8263,1626
Тайга,56.0622131,85.6207182,25330,1896
Таштагол,52.759313,87.8476546,23114,1939
Топки,55.2764707,85.6152619,28642,1914
Юрга,55.7202694,84.8886399,81536,1886
Воркута,67.4974082,64.061034,70551,1936
Вуктыл,63.8615274,57.3165402,12357,1968
Емва,62.5965137,50.8732125,14574,1941
Инта,66.0367316,60.1152961,32021,1940
Микунь,62.3579068,50.0719503,10732,1937
Печора,65.148584,57.2239777,43458,1940
Сосногорск,63.5989841,53.876293,27809,1939
Сыктывкар,61.6686617,50.8358151,235006,1780
Усинск,65.994147,57.5569423,41100,1966
Ухта,63.5565514,53.7014239,99642,1929
Артемовск,54.3473075,93.4358377,2180,1700
Ачинск,56.253907,90.4794397,109156,1683
Боготол,56.2098468,89.5299336,21029,1893
Бородино,55.9054121,94.9020967,17423,1949
Дивногорск,55.9576784,92.3800687,28271,1956
Дудинка,69.4031364,86.1907218,22207,1667
Енисейск,58.4485261,92.1651083,18769,1619
Железногорск,56.2529035,93.532273,85559,1950
Заозерный,55.9617752,94.7091491,10683,1776
Зеленогорск,56.1131564,94.5888103,66018,1956
Игарка,67.4666901,86.5812794,6183,1929
Иланский,56.2374037,96.067267,16108,1646
Канск,56.2051282,95.7051096,94230,1636
Кодинск,58.6032644,99.1797962,14835,1977
Красноярск,56.0093879,92.8524806,973826,1628
Лесосибирск,58.221681,92.5037872,61146,1975
Минусинск,53.7104586,91.6872907,71171,1739
Назарово,56.0113799,90.4168775,52829,1700
Норильск,69.3489978,88.2009846,175301,1935
Сосновоборск,56.1202647,93.3354121,33090,1971
Ужур,55.3141969,89.8333918,16079,1760
Уяр,55.8131263,94.3282601,12666,1760
Шарыпово,55.5389739,89.1801044,38570,1700
Далматово,56.262114,62.9387011,13913,1644
Катайск,56.290809,62.5800359,14017,1655
Курган,55.4443883,65.3161963,333640,1679
Куртамыш,54.9368539,64.4203722,17098,1745
Макушино,55.2153947,67.2451705,8337,1797
Петухово,55.0650077,67.8873408,11291,1779
Шадринск,56.0870344,63.6297182,77744,1662
Шумиха,55.2280246,63.2901272,17821,1892
Щучье,55.2087637,62.7478548,10971,1750
Магадан,59.5681332,150.8084956,95925,1929
Сусуман,62.7805882,148.1540281,5865,1938
Апатиты,67.5677761,33.4067929,59690,1926
Гаджиево,69.2491311,33.315341,11089,1957
Заозерск,69.4003584,32.4501496,11206,1958
Заполярный,69.4132852,30.7984312,15835,1956
Кировск,67.6150424,33.663735,28659,1929
Ковдор,67.5661417,30.4741941,18836,1953
Мончегорск,67.9386153,32.9359719,45381,1937
Мурманск,69.007721,33.0685865,307664,1916
Оленегорск,68.1422058,33.2669407,23079,1949
Островной,68.0510344,39.5077846,2177,1611
Полярные Зори,67.373084,32.4975636,15106,1968
Полярный,69.1989583,33.4508591,17304,1896
Североморск,69.0766801,33.4177759,50076,1896
Снежногорск,69.1921409,33.2383502,12698,1970
Нарьян-Мар,67.6379672,53.0069565,21296,1929
Барабинск,55.35146,78.3464506,30250,1893
Бердск,54.7582156,83.1070605,98809,1944
Болотное,55.6692421,84.3906889,16969,1805
Искитим,54.6267603,83.2951244,60072,1717
Карасук,53.7343189,78.0422967,28929,1912
Каргат,55.1945666,80.2829495,10620,1700
Куйбышев,55.4685094,78.3242048,47278,1722
Купино,54.366055,77.2973368,15448,1886
Новосибирск,55.028191,82.9211489,1498921,1893
Обь,54.9945576,82.6937181,26137,1934
Татарск,55.2146167,75.9739914,26114,1894
Тогучин,55.2251631,84.4104118,21531,1867
Черепаново,54.2206476,83.3724521,19346,1912
Чулым,55.0906867,80.9592508,11964,1762
Исилькуль,54.9096002,71.2816284,25905,1895
Калачинск,55.0598155,74.5653644,24000,1952
Называевск,55.5689323,71.3503426,12119,1910
Омск,54.9848566,73.3674517,1154000,1716
Тара,56.9160511,74.3649194,26664,1594
Тюкалинск,55.8703415,72.1954747,12050,1759
Гай,51.4649189,58.4436875,38302,1959
Новотроицк,51.1964202,58.3018192,97914,1920
Орск,51.2294282,58.4752777,238006,1735
Ясный,51.036838,59.874344,16082,1961
Арсеньев,44.1622031,133.2696209,56742,1902
Артем,43.3501675,132.1596175,102636,1924
Большой Камень,43.1111742,132.3480082,39257,1947
Владивосток,43.1164904,131.8823937,592069,1860
Дальнегорск,44.5539457,135.5662716,37503,1897
Дальнереченск,45.9308483,133.7316907,27601,1859
Лесозаводск,45.4780092,133.4186199,36975,1932
Находка,42.8239372,132.8927361,159695,1864
Партизанск,43.1280578,133.1264567,38648,1896
Спасск-Дальний,44.5901175,132.8157288,44166,1886
Уссурийск,43.7971818,131.9518229,157946,1866
Фокино,42.9706317,132.4110196,23683,1891
Александровск-Сахалинский,50.8974378,142.1578559,10613,1869
Анива,46.713152,142.5265804,8449,1886
Долинск,47.3255783,142.7945071,12200,1884
Корсаков,46.6324545,142.799445,33526,1853
Курильск,45.2270954,147.8796323,2070,1700
Макаров,48.6236334,142.7803205,6788,1892
Невельск,46.6526899,141.8630725,11682,1946
Оха,53.5867839,142.9412411,23007,1908
Поронайск,49.238866,143.1008333,16461,1869
Северо-Курильск,50.6730577,156.1282211,2381,1875
Томари,47.7620108,142.0615837,4537,1870
Углегорск,49.0815774,142.0692639,11880,1900
Холмск,47.0408423,142.041688,30936,1870
Южно-Сахалинск,46.9591631,142.737976,181727,1882
Алапаевск,57.8475571,61.6693817,38198,1639
Арамиль,56.694632,60.8343125,14227,1675
Артемовский,57.3384177,61.8947443,32878,1665
Асбест,57.0052277,61.4581156,70067,1889
Березовский,56.9095924,60.8180907,51583,1748
Богданович,56.7764795,62.0463679,31752,1885
Верхний Тагил,57.3763758,59.9517653,11843,1716
Верхняя Пышма,56.9758903,60.5650383,58707,1854
Верхняя Салда,58.0465803,60.5560164,46240,1778
Верхняя Тура,58.3643685,59.8265235,9468,1737
Верхотурье,58.8622073,60.8103945,8815,1597
Волчанск,59.9351707,60.0798618,10008,1956
Дегтярск,56.7048206,60.079138,15521,1914
Екатеринбург,56.8385216,60.6054911,1377738,1723
Заречный,56.8102931,61.3380029,26803,1955
Ивдель,60.6944496,60.4245069,17764,1831
Ирбит,57.6838362,63.057675,38352,1631
Каменск-Уральский,56.414962,61.9188674,174710,1682
Камышлов,56.8465034,62.7119766,26875,1668
Карпинск,59.7665925,60.0011703,29118,1759
Качканар,58.7051762,59.4839155,42563,1957
Кировград,57.4299433,60.0624051,21959,1661
Краснотурьинск,59.7636635,60.1934525,59701,1758
Красноуральск,58.348651,60.0408764,24973,1925
Красноуфимск,56.612387,57.7636637,39765,1736
Кушва,58.2826013,59.7645766,33027,1735
Лесной,58.6348516,59.7981565,52464,1947
Михайловск,56.4370039,59.1137316,9215,1805
Невьянск,57.49131,60.2183429,25147,1701
Нижние Серги,56.6544959,59.2953035,11217,1743
Нижний Тагил,57.910126,59.9812853,361883,1722
Нижняя Салда,58.0748272,60.7025418,17969,1760
Нижняя Тура,58.6309267,59.8520344,21596,1754
Новая Ляля,59.0538977,60.5944825,12400,1903
Новоуральск,57.2472567,60.0956714,91813,1941
Первоуральск,56.9080085,59.942926,149800,1732
Полевской,56.4956952,60.2365298,64316,1718
Ревда,56.7986319,59.9071591,61713,1734
Реж,57.3717477,61.3833842,38709,1773
Североуральск,60.1533109,59.9525245,29279,1758
Серов,59.6047724,60.5753882,99381,1893
Среднеуральск,56.9918901,60.4771018,20357,1931
Сухой Лог,56.9076193,62.0358093,34836,1710
Сысерть,56.5005715,60.8190003,20594,1732
Тавда,58.0434672,65.274217,35421,1910
Талица,57.0122687,63.7320757,18339,1732
Туринск,58.0393524,63.6981973,17990,1600
Асино,56.9907085,86.1765257,25614,1896
Кедровый,57.561869,79.5677821,2451,1982
Колпашево,58.3114253,82.9025829,24126,1600
Северск,56.6031285,84.8809926,108466,1949
Стрежевой,60.732895,77.604122,42216,1966
Томск,56.4845804,84.9481582,522940,1604
Ак-Довурак,51.178452,90.5985129,13469,1964
Кызыл,51.7191047,94.4376882,109906,1914
Туран,52.1449619,93.9173396,4988,1885
Чадан,51.2844502,91.5788609,9037,1873
Шагонар,51.5346393,92.9199675,10958,1888
Заводоуковск,56.5027463,66.5513613,25657,1729
Ишим,56.1104858,69.4795776,69567,1687
Тобольск,58.2017299,68.2538558,99698,1587
Тюмень,57.1529744,65.5344099,581758,1586
Ялуторовск,56.6547289,66.3122992,36494,1659
Амурск,50.2344147,136.8792444,42977,1958
Бикин,46.8185743,134.2550718,17156,1895
Вяземский,47.5353379,134.7553856,14556,1894
Комсомольск-на-Амуре,50.5498936,137.0079408,263906,1932
Николаевск-на-Амуре,53.1460657,140.7111367,22773,1850
Советская Гавань,48.9664966,140.285174,27712,1853
Хабаровск,48.4647258,135.0598942,577668,1858
Абаза,52.6516647,90.0885686,17111,1867
Абакан,53.7223325,91.4436721,165183,1734
Саяногорск,53.1008083,91.4122454,49889,1975
Сорск,54.0002888,90.2594446,12140,1940
Черногорск,53.8259342,91.3260229,72117,1936
Белоярский,63.7121099,66.6772226,20283,1969
Когалым,62.2639527,74.4829794,58192,1975
Лангепас,61.2536939,75.1807763,41675,1980
Лянтор,61.6392863,72.179409,38922,1932
Мегион,61.0318712,76.1025878,49471,1810
Нефтеюганск,61.0882676,72.6164079,123276,1961
Нижневартовск,60.9396698,76.5696184,251860,1909
Нягань,62.1454701,65.3946047,54903,1965
Покачи,61.7422169,75.5941517,17053,1984
Пыть-Ях,60.7585833,72.8365617,41453,1968
Радужный,62.1342888,77.4584094,43394,1973
Советский,61.3706913,63.5667222,26434,1963
Сургут,61.2541083,73.3961587,306703,1594
Урай,60.1296954,64.8038508,39435,1922
Ханты-Мансийск,61.0023984,69.0184798,79410,1582
Югорск,61.3123568,63.3365484,34066,1962
Аша,54.9906527,57.2783953,31916,1898
Бакал,54.9406399,58.8051698,20953,1757
Верхнеуральск,53.8760961,59.2169852,9459,1734
Верхний Уфалей,56.0487158,60.2318886,30504,1761
Еманжелинск,54.7554548,61.3243477,30218,1931
Златоуст,55.1714905,59.6725549,174985,1754
Карабаш,55.4852323,60.2358881,13151,1822
Карталы,53.0536197,60.6478408,29136,1810
Касли,55.8868784,60.7421663,16998,1747
Катав-Ивановск,54.7521438,58.1983648,17640,1755
Копейск,55.116665,61.6179185,137604,1907
Коркино,54.8903147,61.4034576,38950,1795
Куса,55.3386053,59.4385778,18792,1778
Кыштым,55.7061276,60.5563781,38950,1757
Магнитогорск,53.4072153,58.9791437,408401,1929
Миасс,55.0456457,60.1077572,151812,1773
Миньяр,55.0709557,57.548478,10195,1771
Нязепетровск,56.0536895,59.6097202,12452,1747
Озерск,55.763154,60.7076198,82268,1945
Пласт,54.3692764,60.8151894,17344,1940
Сатка,55.0405288,59.0288975,45465,1758
Сим,54.9907827,57.6900155,14465,1759
Снежинск,56.0851495,60.7324914,48896,1957
Трехгорный,54.8178249,58.4464194,33678,1952
Троицк,54.0843745,61.5586831,78637,1743
Усть-Катав,54.9260812,58.152805,23586,1758
Чебаркуль,54.9818567,60.3773121,43405,1736
Челябинск,55.1602624,61.4008078,1130273,1736
Южноуральск,54.448927,61.2581158,37890,1948
Юрюзань,54.854662,58.4226698,12568,1758
Анадырь,64.7313924,177.5015421,13053,1889
Билибино,68.0584191,166.4388172,5504,1955
Певек,69.7016661,170.2999022,4161,1933
Алдан,58.6094283,125.3817188,21277,1924
Верхоянск,67.5502451,133.390735,1311,1638
Вилюйск,63.7517616,121.627284,10233,1634
Ленск,60.7276196,114.9548255,24955,1663
Мирный,62.536232,113.9667728,37179,1955
Нерюнгри,56.6599953,124.7202403,61746,1975
Нюрба,63.2828955,118.3242437,10156,1824
Олекминск,60.3758006,120.4060878,9487,1635
Покровск,61.4843503,129.1482392,9495,1682
Среднеколымск,67.4582218,153.7069425,3525,1643
Томмот,58.9586859,126.2875462,8054,1923
Удачный,66.4071765,112.3061555,12611,1967
Якутск,62.0281405,129.7325887,269486,1632
Губкинский,64.4457594,76.4713274,23340,1986
Лабытнанги,66.6592841,66.3883009,26948,1890
Муравленко,63.7940552,74.4948635,33401,1984
Надым,65.5377966,72.5182736,46550,1597
Новый Уренгой,66.0839433,76.6809681,104144,1975
Ноябрьск,63.2018039,75.4510581,110572,1976
Салехард,66.5492077,66.6085318,42494,1595
Тарко-Сале,64.9118803,77.7610236,20372,1932